/*
Navicat MySQL Data Transfer

Source Server         : MySQLLocal
Source Server Version : 80020
Source Host           : localhost:3306
Source Database       : batch2

Target Server Type    : MYSQL
Target Server Version : 80020
File Encoding         : 65001

Date: 2021-09-21 16:36:12
*/

SET FOREIGN_KEY_CHECKS=0;

-- ----------------------------
-- Table structure for `mst_permissions`
-- ----------------------------
DROP TABLE IF EXISTS `mst_permissions`;
CREATE TABLE `mst_permissions` (
  `id` int NOT NULL,
  `role_id` int DEFAULT NULL,
  `url` varchar(200) DEFAULT NULL,
  PRIMARY KEY (`id`)
) ENGINE=InnoDB DEFAULT CHARSET=utf8mb4 COLLATE=utf8mb4_0900_ai_ci;

-- ----------------------------
-- Records of mst_permissions
-- ----------------------------
INSERT INTO `mst_permissions` VALUES ('1', '1', '/admin/config');
INSERT INTO `mst_permissions` VALUES ('2', '1', '/admin/userManagement');
INSERT INTO `mst_permissions` VALUES ('3', '2', '/cust/cust_registration');
INSERT INTO `mst_permissions` VALUES ('4', '2', '/cust/inquiries');
INSERT INTO `mst_permissions` VALUES ('5', '3', '/trx/b2b');
INSERT INTO `mst_permissions` VALUES ('6', '3', '/trx/withdrawal');
INSERT INTO `mst_permissions` VALUES ('7', '3', '/trx/deposit');
INSERT INTO `mst_permissions` VALUES ('8', '3', '/trx/loan');
INSERT INTO `mst_permissions` VALUES ('9', '2', '/cust/bypasstoken');

-- ----------------------------
-- Table structure for `mst_role`
-- ----------------------------
DROP TABLE IF EXISTS `mst_role`;
CREATE TABLE `mst_role` (
  `id` int NOT NULL,
  `role_name` varchar(40) DEFAULT NULL,
  `permission_desc` varchar(100) DEFAULT NULL,
  PRIMARY KEY (`id`)
) ENGINE=InnoDB DEFAULT CHARSET=utf8mb4 COLLATE=utf8mb4_0900_ai_ci;

-- ----------------------------
-- Records of mst_role
-- ----------------------------
INSERT INTO `mst_role` VALUES ('1', 'Admin', 'Role Administrasi');
INSERT INTO `mst_role` VALUES ('2', 'CS', 'Role Customer Service');
INSERT INTO `mst_role` VALUES ('3', 'TL', 'Role Teller Bank');

-- ----------------------------
-- Table structure for `mst_user`
-- ----------------------------
DROP TABLE IF EXISTS `mst_user`;
CREATE TABLE `mst_user` (
  `id` int NOT NULL,
  `username` varchar(50) DEFAULT NULL,
  `email` varchar(50) DEFAULT NULL,
  `role_id` int NOT NULL,
  PRIMARY KEY (`id`)
) ENGINE=InnoDB DEFAULT CHARSET=utf8mb4 COLLATE=utf8mb4_0900_ai_ci;

-- ----------------------------
-- Records of mst_user
-- ----------------------------
INSERT INTO `mst_user` VALUES ('1', 'Triss', 'triss@mail.com', '2');
INSERT INTO `mst_user` VALUES ('2', 'Marrie', 'mr@mail.com', '2');
INSERT INTO `mst_user` VALUES ('3', 'Jasmine', 'ys@mail.com', '3');
INSERT INTO `mst_user` VALUES ('4', 'Rajit', 'rj@mail.com', '1');

-- ----------------------------
-- Table structure for `product`
-- ----------------------------
DROP TABLE IF EXISTS `product`;
CREATE TABLE `product` (
  `id` varchar(35) CHARACTER SET latin1 COLLATE latin1_swedish_ci NOT NULL DEFAULT '',
  `image` varchar(3000) CHARACTER SET latin1 COLLATE latin1_swedish_ci NOT NULL,
  `kodeproduct` varchar(255) CHARACTER SET latin1 COLLATE latin1_swedish_ci NOT NULL,
  `name_product` varchar(255) CHARACTER SET latin1 COLLATE latin1_swedish_ci NOT NULL,
  `description` text CHARACTER SET latin1 COLLATE latin1_swedish_ci,
  `price` decimal(20,0) NOT NULL,
  `discount` decimal(3,0) NOT NULL,
  `cost` decimal(11,0) DEFAULT NULL,
  `fee_outlet` decimal(11,0) NOT NULL,
  `check_code` varchar(25) CHARACTER SET latin1 COLLATE latin1_swedish_ci DEFAULT NULL,
  `pay_code` varchar(25) CHARACTER SET latin1 COLLATE latin1_swedish_ci DEFAULT NULL,
  `menu_id` varchar(15) CHARACTER SET latin1 COLLATE latin1_swedish_ci NOT NULL,
  `product_group_id` varchar(35) CHARACTER SET latin1 COLLATE latin1_swedish_ci DEFAULT NULL,
  `product_sales_id` varchar(35) CHARACTER SET latin1 COLLATE latin1_swedish_ci DEFAULT NULL,
  `created_at` datetime NOT NULL,
  `updated_at` datetime NOT NULL,
  `is_deleted` tinyint(1) NOT NULL,
  PRIMARY KEY (`id`),
  KEY `K_product_id` (`id`) USING BTREE,
  KEY `FK_product_menu_id` (`menu_id`) USING BTREE,
  KEY `FK_product_group_id` (`product_group_id`) USING BTREE,
  KEY `FK_product_sales_id` (`product_sales_id`) USING BTREE,
  CONSTRAINT `product_ibfk_1` FOREIGN KEY (`product_group_id`) REFERENCES `product_group` (`id`) ON DELETE RESTRICT ON UPDATE RESTRICT,
  CONSTRAINT `product_ibfk_2` FOREIGN KEY (`menu_id`) REFERENCES `menu` (`id`) ON DELETE RESTRICT ON UPDATE RESTRICT,
  CONSTRAINT `product_ibfk_3` FOREIGN KEY (`product_sales_id`) REFERENCES `product_sales` (`id`) ON DELETE RESTRICT ON UPDATE RESTRICT
) ENGINE=InnoDB DEFAULT CHARSET=latin1;

-- ----------------------------
-- Records of product
-- ----------------------------
INSERT INTO `product` VALUES ('1234', '-', '1234', 'Pulsa Indosat', 'Desk Pulsa Indosat', '100000', '10', '0', '0', null, null, 'MN001', 'INDOSAT_PRABAYAR', null, '2020-10-12 10:58:00', '2020-10-12 10:58:00', '1');
INSERT INTO `product` VALUES ('BK001', 'imageNyaYa', 'BPJSKS', 'BPJS KESEHATAN', 'BPJS KESEHATAN', '0', '0', '2500', '0', 'HBPJSKSCEK', 'HBPJSKSBYR', 'MN011', 'BPJS', null, '2019-12-29 14:02:04', '2019-12-29 14:02:04', '0');
INSERT INTO `product` VALUES ('BK002', 'imageNyaYa', 'BPJSTK', 'BPJS TENAGA KERJA', 'BPJS TENAGA KERJA', '0', '0', '2500', '0', 'HBPJSKSCEK', 'HBPJSKSBYR', 'MN011', 'BPJS', null, '2020-01-06 21:44:10', '2020-01-06 21:44:10', '0');
INSERT INTO `product` VALUES ('CK001', 'imageNyaYa', 'BAF', 'BAF', 'BAF', '0', '0', '7000', '0', 'HBAFCEK', 'HBAFBYR', 'MN007', null, null, '2019-12-29 13:46:15', '2019-12-29 13:46:15', '0');
INSERT INTO `product` VALUES ('CK002', 'imageNyaYa', 'FIF', 'FIF', 'FIF', '0', '0', '5000', '0', 'HFIFCEK', 'HFIFBYR', 'MN007', null, null, '2019-12-29 13:46:15', '2019-12-29 13:46:15', '0');
INSERT INTO `product` VALUES ('CK003', 'imageNyaYa', 'MEGA CENTRAL FINANCE ( MCF )', 'MEGA CENTRAL FINANCE ( MCF )', 'MEGA CENTRAL FINANCE ( MCF )', '0', '0', '2000', '0', 'HMCFCEK', 'HMCFBYR', 'MN007', null, null, '2019-12-29 13:46:15', '2019-12-29 13:46:15', '0');
INSERT INTO `product` VALUES ('CK004', 'imageNyaYa', 'WOM FINANCE', 'WOM FINANCE', 'WOM FINANCE', '0', '0', '0', '0', 'HWOMCEK', 'HWOMBYR', 'MN007', null, null, '2019-12-29 13:46:15', '2019-12-29 13:46:15', '0');
INSERT INTO `product` VALUES ('CK005', 'imageNyaYa', 'MPM', 'MPM', 'MPM', '0', '0', '0', '0', 'HMPMCEK', 'HMPMBYR', 'MN007', null, null, '2019-12-29 13:46:15', '2019-12-29 13:46:15', '0');
INSERT INTO `product` VALUES ('INDOSAT001', '-', 'IH5', '5000', 'Pulsa 5000', '6000', '0', '0', '0', null, null, 'MN001', 'INDOSAT_PRABAYAR', null, '2019-12-29 17:19:21', '2019-12-29 17:19:21', '0');
INSERT INTO `product` VALUES ('INDOSAT002', '-', 'IH10', '10000', 'Pulsa 10000', '11000', '0', '0', '0', null, null, 'MN001', 'INDOSAT_PRABAYAR', null, '2019-12-29 17:19:21', '2019-12-29 17:19:21', '0');
INSERT INTO `product` VALUES ('INDOSAT003', '-', 'IH20', '20000', 'Pulsa 20000', '21000', '0', '0', '0', null, null, 'MN001', 'INDOSAT_PRABAYAR', null, '2020-01-11 08:21:17', '2020-01-11 08:21:17', '0');
INSERT INTO `product` VALUES ('INDOSAT004', '-', 'IH25', '25000', 'Pulsa 25000', '26000', '0', '0', '0', null, null, 'MN001', 'INDOSAT_PRABAYAR', null, '2020-01-11 08:21:17', '2020-01-11 08:21:17', '0');
INSERT INTO `product` VALUES ('INDOSAT005', '-', 'IH30', '30000', 'Pulsa 30000', '31000', '0', '0', '0', null, null, 'MN001', 'INDOSAT_PRABAYAR', null, '2020-01-11 08:21:17', '2020-01-11 08:21:17', '0');
INSERT INTO `product` VALUES ('INDOSAT006', '-', 'IH50', '50000', 'Pulsa 50000', '51000', '0', '0', '0', null, null, 'MN001', 'INDOSAT_PRABAYAR', null, '2020-01-11 08:21:17', '2020-01-11 08:21:17', '0');
INSERT INTO `product` VALUES ('INDOSAT007', '-', 'IH100', '100000', 'Pulsa 100000', '101000', '0', '0', '0', null, null, 'MN001', 'INDOSAT_PRABAYAR', null, '2020-01-11 08:21:17', '2020-01-11 08:21:17', '0');
INSERT INTO `product` VALUES ('INDOSAT008', '-', 'IP5', '5000', 'Pulsa 5000', '6000', '0', '0', '0', null, null, 'MN001', 'INDOSAT_PRABAYAR', null, '2020-01-11 08:21:29', '2020-01-11 08:21:29', '0');
INSERT INTO `product` VALUES ('INDOSAT009', '-', 'IP10', '10000', 'Pulsa 10000', '11000', '0', '0', '0', null, null, 'MN001', 'INDOSAT_PRABAYAR', null, '2020-01-11 08:21:29', '2020-01-11 08:21:29', '0');
INSERT INTO `product` VALUES ('INDOSAT010', '-', 'IP25', '25000', 'Pulsa 25000', '26000', '0', '0', '0', null, null, 'MN001', 'INDOSAT_PRABAYAR', null, '2020-01-11 08:21:29', '2020-01-11 08:21:29', '0');
INSERT INTO `product` VALUES ('INDOSAT011', '-', 'IP50', '30000', 'Pulsa 30000', '31000', '0', '0', '0', null, null, 'MN001', 'INDOSAT_PRABAYAR', null, '2020-01-11 08:21:29', '2020-01-11 08:21:29', '0');
INSERT INTO `product` VALUES ('INDOSAT012', '-', 'IP100', '100000', 'Pulsa 100000', '101000', '0', '0', '0', null, null, 'MN001', 'INDOSAT_PRABAYAR', null, '2020-01-11 08:21:29', '2020-01-11 08:21:29', '0');
INSERT INTO `product` VALUES ('INDOSAT013', '-', 'MB5', '5000', 'Pulsa 5000', '6000', '0', '0', '0', null, null, 'MN001', 'INDOSAT_PRABAYAR', null, '2020-01-11 08:21:38', '2020-01-11 08:21:38', '0');
INSERT INTO `product` VALUES ('INDOSAT014', '-', 'MB10', '10000', 'Pulsa 10000', '11000', '0', '0', '0', null, null, 'MN001', 'INDOSAT_PRABAYAR', null, '2020-01-11 08:21:38', '2020-01-11 08:21:38', '0');
INSERT INTO `product` VALUES ('PDAM0001', '-', 'BOJO', 'PDAM BOJONEGORO', '-', '0', '0', '2500', '1125', 'HPBJGCEK', 'HPBJGBYR', 'MN003', 'PDAM001', null, '2019-12-29 16:15:04', '2019-12-29 16:15:04', '0');
INSERT INTO `product` VALUES ('PDAM0002', '-', 'BANGKA', 'PDAM BANGKALAN', '-', '0', '0', '2500', '900', 'HPBKLCEK', 'HPBKLBYR', 'MN003', 'PDAM001', null, '2019-12-29 16:15:04', '2019-12-29 16:15:04', '0');
INSERT INTO `product` VALUES ('PDAM0003', '-', 'BLIT', 'PDAM BLITAR', '-', '0', '0', '2500', '975', 'HPBLICEK', 'HPBLIBYR', 'MN003', 'PDAM001', null, '2019-12-29 16:15:04', '2019-12-29 16:15:04', '0');
INSERT INTO `product` VALUES ('PDAM0004', '-', 'BANYU', 'PDAM BANYUWANGI', '-', '0', '0', '2500', '700', 'HPBWICEK', 'HPBWIBYR', 'MN003', 'PDAM001', null, '2019-12-29 16:15:04', '2019-12-29 16:15:04', '0');
INSERT INTO `product` VALUES ('PDAM0005', '-', 'BONDO', 'PDAM BONDOWOSO', '-', '0', '0', '2000', '500', 'HPBWOCEK', 'HPBWOBYR', 'MN003', 'PDAM001', null, '2019-12-29 16:15:04', '2019-12-29 16:15:04', '0');
INSERT INTO `product` VALUES ('PDAM0006', '-', 'GRES', 'PDAM GRESIK', '-', '0', '0', '2000', '750', 'HPGSKCEK', 'HPGSKBYR', 'MN003', 'PDAM001', null, '2019-12-29 16:15:04', '2019-12-29 16:15:04', '0');
INSERT INTO `product` VALUES ('PDAM0007', '-', 'JOMB', 'PDAM JOMBANG', '-', '0', '0', '2000', '750', 'HPJBGCEK', 'HPJBGBYR', 'MN003', 'PDAM001', null, '2019-12-29 16:15:04', '2019-12-29 16:15:04', '0');
INSERT INTO `product` VALUES ('PDAM0008', '-', 'JEM', 'PDAM JEMBER', '-', '0', '0', '0', '450', 'HPJBRCEK', 'HPJBRBYR', 'MN003', 'PDAM001', null, '2019-12-29 16:15:04', '2019-12-29 16:15:04', '0');
INSERT INTO `product` VALUES ('PDAM0009', '-', 'KEDI', 'PDAM KEDIRI', '-', '0', '0', '2000', '950', 'HPKDRCEK', 'HPKDRBYR', 'MN003', 'PDAM001', null, '2019-12-29 16:15:04', '2019-12-29 16:15:04', '0');
INSERT INTO `product` VALUES ('PDAM0010', '-', 'BLIT', 'PDAM KOTA BLITAR', '-', '0', '0', '2500', '900', 'HPKTBLICEK', 'HPKTBLIBYR', 'MN003', 'PDAM001', null, '2019-12-29 16:15:04', '2019-12-29 16:15:04', '0');
INSERT INTO `product` VALUES ('PDAM0011', '-', 'KOKEDI', 'PDAM KOTA KEDIRI', '-', '0', '0', '2500', '950', 'HPKTKDRCEK', 'HPKTKDRBYR', 'MN003', 'PDAM001', null, '2019-12-29 16:15:04', '2019-12-29 16:15:04', '0');
INSERT INTO `product` VALUES ('PDAM0012', '-', 'LAMO', 'PDAM LAMONGAN', '-', '0', '0', '2500', '750', 'HPLMGCEK', 'HPLMGBYR', 'MN003', 'PDAM001', null, '2019-12-29 16:15:04', '2019-12-29 16:15:04', '0');
INSERT INTO `product` VALUES ('PDAM0013', '-', 'LUMA', 'PDAM LUMAJANG', '-', '0', '0', '2300', '750', 'HPLMJCEK', 'HPLMJBYR', 'MN003', 'PDAM001', null, '2019-12-29 16:15:04', '2019-12-29 16:15:04', '0');
INSERT INTO `product` VALUES ('PDAM0014', '-', 'MAGE', 'PDAM MAGETAN', '-', '0', '0', '2000', '750', 'HPMGTCEK', 'HPMGTBYR', 'MN003', 'PDAM001', null, '2019-12-29 16:15:04', '2019-12-29 16:15:04', '0');
INSERT INTO `product` VALUES ('PDAM0015', '-', 'MOJO', 'PDAM MOJOKERTO', '-', '0', '0', '2000', '750', 'HPMJKCEK', 'HPMJKBYR', 'MN003', 'PDAM001', null, '2019-12-29 16:15:04', '2019-12-29 16:15:04', '0');
INSERT INTO `product` VALUES ('PDAM0016', '-', 'KABMAL', 'PDAM KAB. MALANG', '-', '0', '0', '2000', '950', 'HPMLGKBCEK', 'HPMLGKBBYR', 'MN003', 'PDAM001', null, '2019-12-29 16:15:04', '2019-12-29 16:15:04', '0');
INSERT INTO `product` VALUES ('PDAM0017', '-', 'H2H BYR - PDAM KOTA MALANG', 'PDAM KOTA MALANG', '-', '0', '0', '2500', '975', 'HPMLGKTCEK', 'HPMLGKTBYR', 'MN003', 'PDAM001', null, '2019-12-29 16:15:04', '2019-12-29 16:15:04', '0');
INSERT INTO `product` VALUES ('PDAM0018', '-', 'NGANJ', 'PDAM NGANJUK', '-', '0', '0', '2500', '750', 'HPNJKCEK', 'HPNJKBYR', 'MN003', 'PDAM001', null, '2019-12-29 16:15:04', '2019-12-29 16:15:04', '0');
INSERT INTO `product` VALUES ('PDAM0019', '-', 'PROBOL', 'PDAM PROBOLINGGO', '-', '0', '0', '2500', '463', 'HPPBLCEK', 'HPPBLBYR', 'MN003', 'PDAM001', null, '2019-12-29 16:15:04', '2019-12-29 16:15:04', '0');
INSERT INTO `product` VALUES ('PDAM0020', '-', 'KOTPROBOL', 'PDAM KOTA PROBOLINGGO', '-', '0', '0', '2500', '463', 'HPPBLKTCEK', 'HPPBLKTBYR', 'MN003', 'PDAM001', null, '2019-12-29 16:15:04', '2019-12-29 16:15:04', '0');
INSERT INTO `product` VALUES ('PDAM0021', '-', 'PONO', 'PDAM PONOROGO', '-', '0', '0', '2000', '675', 'HPPONCEK', 'HPPONBYR', 'MN003', 'PDAM001', null, '2019-12-29 16:15:04', '2019-12-29 16:15:04', '0');
INSERT INTO `product` VALUES ('PDAM0022', '-', 'PASU', 'PDAM PASURUAN', '-', '0', '0', '2500', '750', 'HPPSRCEK', 'HPPSRBYR', 'MN003', 'PDAM001', null, '2019-12-29 16:15:04', '2019-12-29 16:15:04', '0');
INSERT INTO `product` VALUES ('PDAM0023', '-', 'SURAB', 'PDAM SURABAYA', '-', '0', '0', '2000', '650', 'HPSBYCEK', 'HPSBYBYR', 'MN003', 'PDAM001', null, '2019-12-29 16:15:04', '2019-12-29 16:15:04', '0');
INSERT INTO `product` VALUES ('PDAM0024', '-', 'SIDO', 'PDAM SIDOARJO', '-', '0', '0', '1800', '650', 'HPSDACEK', 'HPSDABYR', 'MN003', 'PDAM001', null, '2019-12-29 16:15:04', '2019-12-29 16:15:04', '0');
INSERT INTO `product` VALUES ('PDAM0025', '-', 'SITU', 'PDAM SITUBONDO', '-', '0', '0', '2000', '650', 'HPSTBCEK', 'HPSTBBYR', 'MN003', 'PDAM001', null, '2019-12-29 16:15:04', '2019-12-29 16:15:04', '0');
INSERT INTO `product` VALUES ('PDAM0026', '-', 'TUBA', 'PDAM TUBAN', '-', '0', '0', '2000', '750', 'HPTBNCEK', 'HPTBNBYR', 'MN003', 'PDAM001', null, '2019-12-29 16:15:04', '2019-12-29 16:15:04', '0');
INSERT INTO `product` VALUES ('PDAM0027', '-', 'TULUNG', 'PDAM TULUNGAGUNG', '-', '0', '0', '2500', '975', 'HPTLGCEK', 'HPTLGBYR', 'MN003', 'PDAM001', null, '2019-12-29 16:15:04', '2019-12-29 16:15:04', '0');
INSERT INTO `product` VALUES ('PDAM0028', '-', 'DENPA', 'PDAM DENPASAR', '-', '0', '0', '2500', '500', 'HPDPSCEK', 'HPDPSBYR', 'MN003', 'PDAM002', null, '2019-12-29 16:23:24', '2019-12-29 16:23:24', '0');
INSERT INTO `product` VALUES ('PDAM0029', '-', 'BOYO', 'PDAM KAB. BOYOLALI', '-', '0', '0', '2000', '850', 'HPBYLCEK', 'HPBYLBYR', 'MN003', 'PDAM003', null, '2019-12-29 16:36:29', '2019-12-29 16:36:29', '0');
INSERT INTO `product` VALUES ('PDAM0030', '-', 'KABKAR', 'PDAM KAB. KARANGANYAR', '-', '0', '0', '2000', '825', 'HPKBKRYCEK', 'HPKBKRYBYR', 'MN003', 'PDAM003', null, '2019-12-29 16:36:29', '2019-12-29 16:36:29', '0');
INSERT INTO `product` VALUES ('PDAM0031', '-', 'KLATEN', 'PDAM KLATEN', '-', '0', '0', '2000', '800', 'HPKLNCEK', 'HPKLNBYR', 'MN003', 'PDAM003', null, '2019-12-29 16:36:29', '2019-12-29 16:36:29', '0');
INSERT INTO `product` VALUES ('PDAM0032', '-', 'PEKA', 'PDAM KOTA PEKALONGAN', '-', '0', '0', '2500', '825', 'HPKTPKLCEK', 'HPKTPKLBYR', 'MN003', 'PDAM003', null, '2019-12-29 16:36:29', '2019-12-29 16:36:29', '0');
INSERT INTO `product` VALUES ('PDAM0033', '-', 'PDAMMDN', 'PDAM MAGELANG', '-', '0', '0', '2500', '725', 'HPMGLCEK', 'HPMGLBYR', 'MN003', 'PDAM003', null, '2019-12-29 16:36:29', '2019-12-29 16:36:29', '0');
INSERT INTO `product` VALUES ('PDAM0034', '-', 'PURBA', 'PDAM PURBALINGGA', '-', '0', '0', '2500', '825', 'HPPBGCEK', 'HPPBGBYR', 'MN003', 'PDAM003', null, '2019-12-29 16:36:29', '2019-12-29 16:36:29', '0');
INSERT INTO `product` VALUES ('PDAM0035', '-', ' PURWO ', 'PDAM PURWOREJO', '-', '0', '0', '0', '1250', 'HPPWJCEK', 'HPPWJBYR', 'MN003', 'PDAM003', null, '2019-12-29 16:36:29', '2019-12-29 16:36:29', '0');
INSERT INTO `product` VALUES ('PDAM0036', '-', 'SOLO', 'PDAM SOLO', '-', '0', '0', '2000', '800', 'HPSLOCEK', 'HPSLOBYR', 'MN003', 'PDAM003', null, '2019-12-29 16:36:29', '2019-12-29 16:36:29', '0');
INSERT INTO `product` VALUES ('PDAM0037', '-', 'WONO', 'PDAM WONOSOBO', '-', '0', '0', '2500', '500', 'HPWSBCEK', 'HPWSBBYR', 'MN003', 'PDAM003', null, '2019-12-29 16:36:29', '2019-12-29 16:36:29', '0');
INSERT INTO `product` VALUES ('PDAM0038', '-', 'KABBOY', 'PDAM Kab. Boyolali', '-', '0', '0', '2000', '850', 'HPBYLCEK', 'HPBYLBYR', 'MN003', 'PDAM003', null, '2019-12-29 16:36:29', '2019-12-29 16:36:29', '0');
INSERT INTO `product` VALUES ('PDAM0039', '-', 'KEBU', 'PDAM KAB. KEBUMEN', '-', '0', '0', '3000', '1050', 'HPKBKBMCEK', 'HPKBKBMBYR', 'MN003', 'PDAM003', null, '2019-12-29 16:36:29', '2019-12-29 16:36:29', '0');
INSERT INTO `product` VALUES ('PDAM0040', '-', 'JEPAR', 'PDAM KAB. JEPARA', '-', '0', '0', '3000', '850', 'HPKBJPRCEK', 'HPKBJPRBYR', 'MN003', 'PDAM003', null, '2019-12-29 16:36:29', '2019-12-29 16:36:29', '0');
INSERT INTO `product` VALUES ('PDAM0041', '-', 'SEMAR', 'PDAM SEMARANG', '-', '0', '0', '2500', '850', 'HPSMGCEK', 'HPSMGBYR', 'MN003', 'PDAM003', null, '2019-12-29 16:36:29', '2019-12-29 16:36:29', '0');
INSERT INTO `product` VALUES ('PDAM0042', '-', 'KABSUKO', 'PDAM KAB. SUKOHARJO', '-', '0', '0', '2000', '1000', 'HPKBSKJCEK', 'HPKBSKJBYR', 'MN003', 'PDAM003', null, '2019-12-29 16:36:29', '2019-12-29 16:36:29', '0');
INSERT INTO `product` VALUES ('PDAM0043', '-', 'PATI', 'PDAM PATI', '-', '0', '0', '500', '350', 'HPPTICEK', 'HPPTIBYR', 'MN003', 'PDAM003', null, '2019-12-29 16:36:29', '2019-12-29 16:36:29', '0');
INSERT INTO `product` VALUES ('PDAM0044', '-', 'MTR', 'PDAM KOTA MATARAM', '-', '0', '0', '2000', '850', 'HPBYLCEK', 'HPBYLBYR', 'MN003', 'PDAM003', null, '2020-01-07 16:25:29', '2020-01-07 16:25:29', '0');
INSERT INTO `product` VALUES ('PLN001', 'imageNyaYa', 'PLNPAS', 'PLN PASCA BAYAR', 'PLN PASCA BAYAR', '0', '0', '0', '0', 'HPLNCEK', 'HPLNBYR', 'MN004', 'PLN_PASCA_BAYAR', null, '2019-12-29 13:12:29', '2019-12-29 13:12:29', '0');
INSERT INTO `product` VALUES ('PLN002', 'imageNyaYa', 'PLN TOKEN', 'PLN TOKEN', 'PLN TOKEN', '0', '0', '0', '0', 'IPCCEK', null, 'MN004', 'PLN_TOKEN', null, '2019-12-29 13:12:29', '2019-12-29 13:12:29', '0');
INSERT INTO `product` VALUES ('PLN003', 'imageNyaYa', 'PLNON', 'PLN NONTAGLIS', 'PLN NONTAGLIS', '0', '0', '2500', '0', 'IPCCEK', null, 'MN004', 'PLN_NON_TAGLIS', null, '2020-01-16 17:52:54', '2020-01-16 17:52:54', '0');
INSERT INTO `product` VALUES ('PR001', 'o90iyeftdr', 'TU5', '5000', 'Pulsa 5000', '6000', '0', '0', '0', null, null, 'MN001', 'TELKOMSEL_PRABAYAR', 'PROMO', '2019-12-16 10:49:23', '2019-12-16 10:49:23', '0');
INSERT INTO `product` VALUES ('PR002', 'o90iyeftdr', 'TU10', '10000', 'Pulsa 10000', '10', '0', '0', '0', null, null, 'MN001', 'TELKOMSEL_PRABAYAR', 'PROMO', '2019-12-16 16:00:30', '2019-12-16 16:00:30', '0');
INSERT INTO `product` VALUES ('PRTG001', 'imageNyaYa', 'PERTAGAS', 'PERTAGAS', 'PERTAGAS', '0', '0', '2500', '0', 'HPGASCEK', 'HPGASBYR', 'MN005', null, null, '2019-12-29 14:12:23', '2019-12-29 14:12:23', '0');
INSERT INTO `product` VALUES ('PRTG002', 'imageNyaYa', 'PERTAGAS TOKEN', 'PERTAGAS TOKEN', 'PERTAGAS TOKEN', '0', '0', '2500', '0', 'HTGASCEK', null, 'MN005', null, null, '2019-12-29 14:12:23', '2019-12-29 14:12:23', '0');
INSERT INTO `product` VALUES ('PRTG003', 'imageNyaYa', 'PGN', 'PGN', 'PGN', '0', '0', '2500', '0', 'HPGNCEK', 'HPGNBYR', 'MN005', null, null, '2019-12-29 14:12:23', '2019-12-29 14:12:23', '0');
INSERT INTO `product` VALUES ('SMARTFREEN001', '-', 'SMH5', '5000', 'Pulsa 5000', '6000', '0', '0', '0', null, null, 'MN001', 'SMARTFREN_PRABAYAR', null, '2019-12-29 17:16:50', '2019-12-29 17:16:50', '0');
INSERT INTO `product` VALUES ('SMARTFREEN002', '-', 'SMH10', '10000', 'Pulsa 10000', '11000', '0', '0', '0', null, null, 'MN001', 'SMARTFREN_PRABAYAR', null, '2019-12-29 17:16:50', '2019-12-29 17:16:50', '0');
INSERT INTO `product` VALUES ('SMARTFREEN003', '-', 'SMH20', '20000', 'Pulsa 20000', '21000', '0', '0', '0', null, null, 'MN001', 'SMARTFREN_PRABAYAR', null, '2020-01-11 08:29:45', '2020-01-11 08:29:45', '0');
INSERT INTO `product` VALUES ('SMARTFREEN004', '-', 'SMH25', '25000', 'Pulsa 25000', '26000', '0', '0', '0', null, null, 'MN001', 'SMARTFREN_PRABAYAR', null, '2020-01-11 08:29:45', '2020-01-11 08:29:45', '0');
INSERT INTO `product` VALUES ('SMARTFREEN005', '-', 'SMH30', '30000', 'Pulsa 30000', '31000', '0', '0', '0', null, null, 'MN001', 'SMARTFREN_PRABAYAR', null, '2020-01-11 08:29:45', '2020-01-11 08:29:45', '0');
INSERT INTO `product` VALUES ('SMARTFREEN006', '-', 'SMH50', '50000', 'Pulsa 50000', '51000', '0', '0', '0', null, null, 'MN001', 'SMARTFREN_PRABAYAR', null, '2020-01-11 08:29:45', '2020-01-11 08:29:45', '0');
INSERT INTO `product` VALUES ('SMARTFREEN007', '-', 'SMH60', '60000', 'Pulsa 60000', '61000', '0', '0', '0', null, null, 'MN001', 'SMARTFREN_PRABAYAR', null, '2020-01-11 08:29:45', '2020-01-11 08:29:45', '0');
INSERT INTO `product` VALUES ('SMARTFREEN008', '-', 'SMH100', '100000', 'Pulsa 100000', '101000', '0', '0', '0', null, null, 'MN001', 'SMARTFREN_PRABAYAR', null, '2020-01-11 08:29:45', '2020-01-11 08:29:45', '0');
INSERT INTO `product` VALUES ('SMARTFREEN009', '-', 'SMH150', '150000', 'Pulsa 150000', '151000', '0', '0', '0', null, null, 'MN001', 'SMARTFREN_PRABAYAR', null, '2020-01-11 08:29:45', '2020-01-11 08:29:45', '0');
INSERT INTO `product` VALUES ('SMARTFREEN010', '-', 'SMH200', '200000', 'Pulsa 200000', '201000', '0', '0', '0', null, null, 'MN001', 'SMARTFREN_PRABAYAR', null, '2020-01-11 08:29:45', '2020-01-11 08:29:45', '0');
INSERT INTO `product` VALUES ('SMARTFREEN011', '-', 'SMH300', '300000', 'Pulsa 300000', '301000', '0', '0', '0', null, null, 'MN001', 'SMARTFREN_PRABAYAR', null, '2020-01-11 08:29:45', '2020-01-11 08:29:45', '0');
INSERT INTO `product` VALUES ('SMARTFREEN012', '-', 'SMH500', '500000', 'Pulsa 500000', '501000', '0', '0', '0', null, null, 'MN001', 'SMARTFREN_PRABAYAR', null, '2020-01-11 08:29:45', '2020-01-11 08:29:45', '0');
INSERT INTO `product` VALUES ('SMARTFREEN013', '-', 'SMP5', '5000', 'Pulsa 5000', '6000', '0', '0', '0', null, null, 'MN001', 'SMARTFREN_PRABAYAR', 'PROMO', '2020-01-11 08:33:25', '2020-01-11 08:33:25', '0');
INSERT INTO `product` VALUES ('SMARTFREEN014', '-', 'SMP10', '10000', 'Pulsa 10000', '11000', '0', '0', '0', null, null, 'MN001', 'SMARTFREN_PRABAYAR', 'PROMO', '2020-01-11 08:33:25', '2020-01-11 08:33:25', '0');
INSERT INTO `product` VALUES ('SMARTFREEN015', '-', 'SMP20', '20000', 'Pulsa 20000', '21000', '0', '0', '0', null, null, 'MN001', 'SMARTFREN_PRABAYAR', 'PROMO', '2020-01-11 08:33:25', '2020-01-11 08:33:25', '0');
INSERT INTO `product` VALUES ('SMARTFREEN016', '-', 'SMP25', '25000', 'Pulsa 25000', '26000', '0', '0', '0', null, null, 'MN001', 'SMARTFREN_PRABAYAR', 'PROMO', '2020-01-11 08:33:25', '2020-01-11 08:33:25', '0');
INSERT INTO `product` VALUES ('SMARTFREEN017', '-', 'SMP30', '30000', 'Pulsa 30000', '31000', '0', '0', '0', null, null, 'MN001', 'SMARTFREN_PRABAYAR', 'PROMO', '2020-01-11 08:33:25', '2020-01-11 08:33:25', '0');
INSERT INTO `product` VALUES ('SMARTFREEN018', '-', 'SMP50', '50000', 'Pulsa 50000', '51000', '0', '0', '0', null, null, 'MN001', 'SMARTFREN_PRABAYAR', 'PROMO', '2020-01-11 08:33:25', '2020-01-11 08:33:25', '0');
INSERT INTO `product` VALUES ('SMARTFREEN019', '-', 'SMP60', '60000', 'Pulsa 60000', '61000', '0', '0', '0', null, null, 'MN001', 'SMARTFREN_PRABAYAR', 'PROMO', '2020-01-11 08:33:25', '2020-01-11 08:33:25', '0');
INSERT INTO `product` VALUES ('SMARTFREEN020', '-', 'SMP100', '100000', 'Pulsa 100000', '101000', '0', '0', '0', null, null, 'MN001', 'SMARTFREN_PRABAYAR', 'PROMO', '2020-01-11 08:33:25', '2020-01-11 08:33:25', '0');
INSERT INTO `product` VALUES ('TB001', 'imageNyaYa', 'INDOVISION', 'INDOVISION', 'INDOVISION', '0', '0', '2000', '0', 'HIDVSCEK', 'HIDVSBYR', 'MN010', null, null, '2019-12-29 13:54:08', '2019-12-29 13:54:08', '0');
INSERT INTO `product` VALUES ('TB002', 'imageNyaYa', 'OKE TV', 'OKE TV', 'OKE TV', '0', '0', '2000', '0', 'HOKETVCEK', 'HOKETVBYR', 'MN010', null, null, '2019-12-29 13:54:08', '2019-12-29 13:54:08', '0');
INSERT INTO `product` VALUES ('TB003', 'imageNyaYa', 'TOP TV', 'TOP TV', 'TOP TV', '0', '0', '2000', '0', 'HTOPCEK', 'HTOPTVBYR', 'MN010', null, null, '2019-12-29 13:54:08', '2019-12-29 13:54:08', '0');
INSERT INTO `product` VALUES ('TB004', 'imageNyaYa', 'MNC PLAYMEDIA', 'MNC PLAYMEDIA', 'MNC PLAYMEDIA', '0', '0', '0', '0', 'HMNCPCEK', 'HMNCPBYR', 'MN010', null, null, '2019-12-29 13:54:08', '2019-12-29 13:54:08', '0');
INSERT INTO `product` VALUES ('TB005', 'imageNyaYa', 'TRANSVISION', 'TRANSVISION', 'TRANSVISION', '0', '0', '0', '0', null, null, 'MN010', null, null, '2019-12-29 13:54:08', '2019-12-29 13:54:08', '0');
INSERT INTO `product` VALUES ('TEL001', 'imageNyaYa', 'TELKOM', 'TELKOM', 'TELKOM', '0', '0', '0', '0', 'HTELCEK', 'HTELBYR', 'MN008', null, null, '2019-12-29 13:18:11', '2019-12-29 13:18:11', '0');
INSERT INTO `product` VALUES ('TEL002', 'imageNyaYa', 'SPEEDY', 'SPEEDY', 'SPEEDY', '0', '0', '0', '0', 'HSPDCEK', 'HSPDBYR', 'MN008', null, null, '2019-12-29 13:18:11', '2019-12-29 13:18:11', '0');
INSERT INTO `product` VALUES ('TELKOMSEL001', '-', 'MD5', '5000', 'Pulsa 5000', '6000', '0', '0', '0', null, null, 'MN001', 'TELKOMSEL_PRABAYAR', null, '2020-01-11 09:28:20', '2020-01-11 09:28:20', '0');
INSERT INTO `product` VALUES ('TELKOMSEL002', '-', 'MD10', '10000', 'Pulsa 10000', '11000', '0', '0', '0', null, null, 'MN001', 'TELKOMSEL_PRABAYAR', null, '2020-01-11 09:28:20', '2020-01-11 09:28:20', '0');
INSERT INTO `product` VALUES ('TELKOMSEL003', '-', 'MD20', '20000', 'Pulsa 20000', '21000', '0', '0', '0', null, null, 'MN001', 'TELKOMSEL_PRABAYAR', null, '2020-01-11 09:28:20', '2020-01-11 09:28:20', '0');
INSERT INTO `product` VALUES ('TELKOMSEL004', '-', 'MD25', '25000', 'Pulsa 25000', '26000', '0', '0', '0', null, null, 'MN001', 'TELKOMSEL_PRABAYAR', null, '2020-01-11 09:28:20', '2020-01-11 09:28:20', '0');
INSERT INTO `product` VALUES ('TELKOMSEL005', '-', 'MD50', '50000', 'Pulsa 50000', '51000', '0', '0', '0', null, null, 'MN001', 'TELKOMSEL_PRABAYAR', null, '2020-01-11 09:28:20', '2020-01-11 09:28:20', '0');
INSERT INTO `product` VALUES ('TELKOMSEL006', '-', 'MD100', '100000', 'Pulsa 100000', '101000', '0', '0', '0', null, null, 'MN001', 'TELKOMSEL_PRABAYAR', null, '2020-01-11 09:28:20', '2020-01-11 09:28:20', '0');
INSERT INTO `product` VALUES ('TELKOMSEL007', '-', 'TH5', '5000', 'Pulsa 5000', '6000', '0', '0', '0', null, null, 'MN001', 'TELKOMSEL_PRABAYAR', null, '2020-01-11 09:31:49', '2020-01-11 09:31:49', '0');
INSERT INTO `product` VALUES ('TELKOMSEL008', '-', 'TH10', '10000', 'Pulsa 10000', '11000', '0', '0', '0', null, null, 'MN001', 'TELKOMSEL_PRABAYAR', null, '2020-01-11 09:31:49', '2020-01-11 09:31:49', '0');
INSERT INTO `product` VALUES ('TELKOMSEL009', '-', 'TH15', '15000', 'Pulsa 15000', '15000', '0', '0', '0', null, null, 'MN001', 'TELKOMSEL_PRABAYAR', null, '2020-01-11 09:31:49', '2020-01-11 09:31:49', '0');
INSERT INTO `product` VALUES ('TELKOMSEL010', '-', 'TH20', '20000', 'Pulsa 20000', '21000', '0', '0', '0', null, null, 'MN001', 'TELKOMSEL_PRABAYAR', null, '2020-01-11 09:31:49', '2020-01-11 09:31:49', '0');
INSERT INTO `product` VALUES ('TELKOMSEL011', '-', 'TH25', '25000', 'Pulsa 25000', '26000', '0', '0', '0', null, null, 'MN001', 'TELKOMSEL_PRABAYAR', null, '2020-01-11 09:31:49', '2020-01-11 09:31:49', '0');
INSERT INTO `product` VALUES ('TELKOMSEL012', '-', 'TH30', '30000', 'Pulsa 30000', '31000', '0', '0', '0', null, null, 'MN001', 'TELKOMSEL_PRABAYAR', null, '2020-01-11 09:31:49', '2020-01-11 09:31:49', '0');
INSERT INTO `product` VALUES ('TELKOMSEL013', '-', 'TH40', '40000', 'Pulsa 40000', '41000', '0', '0', '0', null, null, 'MN001', 'TELKOMSEL_PRABAYAR', null, '2020-01-11 09:31:49', '2020-01-11 09:31:49', '0');
INSERT INTO `product` VALUES ('TELKOMSEL014', '-', 'TH50', '50000', 'Pulsa 50000', '51000', '0', '0', '0', null, null, 'MN001', 'TELKOMSEL_PRABAYAR', null, '2020-01-11 09:31:49', '2020-01-11 09:31:49', '0');
INSERT INTO `product` VALUES ('TELKOMSEL015', '-', 'TH75', '75000', 'Pulsa 75000', '76000', '0', '0', '0', null, null, 'MN001', 'TELKOMSEL_PRABAYAR', null, '2020-01-11 09:31:49', '2020-01-11 09:31:49', '0');
INSERT INTO `product` VALUES ('TELKOMSEL016', '-', 'TH100', '100000', 'Pulsa 100000', '101000', '0', '0', '0', null, null, 'MN001', 'TELKOMSEL_PRABAYAR', null, '2020-01-11 09:31:49', '2020-01-11 09:31:49', '0');
INSERT INTO `product` VALUES ('TELKOMSEL017', '-', 'TP5', '5000', 'Pulsa 5000', '6000', '0', '0', '0', null, null, 'MN001', 'TELKOMSEL_PRABAYAR', null, '2020-01-11 09:32:30', '2020-01-11 09:32:30', '0');
INSERT INTO `product` VALUES ('TELKOMSEL018', '-', 'TP10', '10000', 'Pulsa 10000', '11000', '0', '0', '0', null, null, 'MN001', 'TELKOMSEL_PRABAYAR', 'PROMO', '2020-01-11 09:32:30', '2020-01-11 09:32:30', '0');
INSERT INTO `product` VALUES ('TELKOMSEL021', '-', 'TU20', '20000', 'Pulsa 20000', '21000', '0', '0', '0', null, null, 'MN001', 'TELKOMSEL_PRABAYAR', 'PROMO', '2020-01-11 09:33:52', '2020-01-11 09:33:52', '0');
INSERT INTO `product` VALUES ('TELKOMSEL022', '-', 'TU25', '25000', 'Pulsa 25000', '26000', '0', '0', '0', null, null, 'MN001', 'TELKOMSEL_PRABAYAR', 'PROMO', '2020-01-11 09:33:52', '2020-01-11 09:33:52', '0');
INSERT INTO `product` VALUES ('TELKOMSELDATA001', '-', 'TD001', '5000', '-', '6000', '0', '2000', '850', 'HPBYLCEK', 'HPBYLBYR', 'MN002', 'TELKOMSEL_PRABAYAR', null, '2020-01-10 22:49:09', '2020-01-10 22:49:09', '0');
INSERT INTO `product` VALUES ('THREE001', '-', 'TRH1', '2000', 'Pulsa 2000', '3000', '0', '0', '0', null, null, 'MN001', 'THREE_PRABAYAR', null, '2020-01-11 09:18:32', '2020-01-11 09:18:32', '0');
INSERT INTO `product` VALUES ('THREE002', '-', 'TRH2', '3000', 'Pulsa 3000', '4000', '0', '0', '0', null, null, 'MN001', 'THREE_PRABAYAR', null, '2020-01-11 09:18:32', '2020-01-11 09:18:32', '0');
INSERT INTO `product` VALUES ('THREE003', '-', 'TRH3', '4000', 'Pulsa 4000', '5000', '0', '0', '0', null, null, 'MN001', 'THREE_PRABAYAR', null, '2020-01-11 09:18:32', '2020-01-11 09:18:32', '0');
INSERT INTO `product` VALUES ('THREE004', '-', 'TRH4', '5000', 'Pulsa 5000', '6000', '0', '0', '0', null, null, 'MN001', 'THREE_PRABAYAR', null, '2020-01-11 09:18:32', '2020-01-11 09:18:32', '0');
INSERT INTO `product` VALUES ('THREE005', '-', 'TRH5', '6000', 'Pulsa 6000', '7000', '0', '0', '0', null, null, 'MN001', 'THREE_PRABAYAR', null, '2020-01-11 09:18:32', '2020-01-11 09:18:32', '0');
INSERT INTO `product` VALUES ('THREE006', '-', 'TRH10', '10000', 'Pulsa 10000', '11000', '0', '0', '0', null, null, 'MN001', 'THREE_PRABAYAR', null, '2020-01-11 09:18:32', '2020-01-11 09:18:32', '0');
INSERT INTO `product` VALUES ('THREE007', '-', 'TRH15', '15000', 'Pulsa 15000', '16000', '0', '0', '0', null, null, 'MN001', 'THREE_PRABAYAR', null, '2020-01-11 09:18:32', '2020-01-11 09:18:32', '0');
INSERT INTO `product` VALUES ('THREE008', '-', 'TRH20', '20000', 'Pulsa 20000', '21000', '0', '0', '0', null, null, 'MN001', 'THREE_PRABAYAR', null, '2020-01-11 09:18:32', '2020-01-11 09:18:32', '0');
INSERT INTO `product` VALUES ('THREE009', '-', 'TRH25', '25000', 'Pulsa 25000', '26000', '0', '0', '0', null, null, 'MN001', 'THREE_PRABAYAR', null, '2020-01-11 09:18:32', '2020-01-11 09:18:32', '0');
INSERT INTO `product` VALUES ('THREE010', '-', 'TRH30', '30000', 'Pulsa 30000', '31000', '0', '0', '0', null, null, 'MN001', 'THREE_PRABAYAR', null, '2020-01-11 09:18:32', '2020-01-11 09:18:32', '0');
INSERT INTO `product` VALUES ('THREE011', '-', 'TRH50', '50000', 'Pulsa 50000', '51000', '0', '0', '0', null, null, 'MN001', 'THREE_PRABAYAR', null, '2020-01-11 09:18:32', '2020-01-11 09:18:32', '0');
INSERT INTO `product` VALUES ('THREE012', '-', 'TRH100', '100000', 'Pulsa 100000', '101000', '0', '0', '0', null, null, 'MN001', 'THREE_PRABAYAR', null, '2020-01-11 09:18:32', '2020-01-11 09:18:32', '0');
INSERT INTO `product` VALUES ('THREE013', '-', 'TRP5', '6000', 'Pulsa 6000', '7000', '0', '0', '0', null, null, 'MN001', 'THREE_PRABAYAR', 'PROMO', '2020-01-11 09:21:13', '2020-01-11 09:21:13', '0');
INSERT INTO `product` VALUES ('THREE014', '-', 'TRP10', '10000', 'Pulsa 10000', '11000', '0', '0', '0', null, null, 'MN001', 'THREE_PRABAYAR', 'PROMO', '2020-01-11 09:21:13', '2020-01-11 09:21:13', '0');
INSERT INTO `product` VALUES ('THREE015', '-', 'TRP15', '15000', 'Pulsa 15000', '16000', '0', '0', '0', null, null, 'MN001', 'THREE_PRABAYAR', 'PROMO', '2020-01-11 09:21:13', '2020-01-11 09:21:13', '0');
INSERT INTO `product` VALUES ('THREE016', '-', 'TRP20', '20000', 'Pulsa 20000', '21000', '0', '0', '0', null, null, 'MN001', 'THREE_PRABAYAR', 'PROMO', '2020-01-11 09:21:13', '2020-01-11 09:21:13', '0');
INSERT INTO `product` VALUES ('THREE017', '-', 'TRP25', '25000', 'Pulsa 25000', '26000', '0', '0', '0', null, null, 'MN001', 'THREE_PRABAYAR', 'PROMO', '2020-01-11 09:21:13', '2020-01-11 09:21:13', '0');
INSERT INTO `product` VALUES ('THREE018', '-', 'TRP30', '30000', 'Pulsa 30000', '31000', '0', '0', '0', null, null, 'MN001', 'THREE_PRABAYAR', 'PROMO', '2020-01-11 09:21:13', '2020-01-11 09:21:13', '0');
INSERT INTO `product` VALUES ('THREE019', '-', 'TRP50', '50000', 'Pulsa 50000', '51000', '0', '0', '0', null, null, 'MN001', 'THREE_PRABAYAR', 'PROMO', '2020-01-11 09:21:13', '2020-01-11 09:21:13', '0');
INSERT INTO `product` VALUES ('THREE020', '-', 'TRP100', '100000', 'Pulsa 100000', '101000', '0', '0', '0', null, null, 'MN001', 'THREE_PRABAYAR', 'PROMO', '2020-01-11 09:21:13', '2020-01-11 09:21:13', '0');

-- ----------------------------
-- Table structure for `product_group`
-- ----------------------------
DROP TABLE IF EXISTS `product_group`;
CREATE TABLE `product_group` (
  `id` varchar(35) CHARACTER SET latin1 COLLATE latin1_swedish_ci NOT NULL DEFAULT '',
  `name_group` varchar(55) CHARACTER SET latin1 COLLATE latin1_swedish_ci NOT NULL,
  `description` text CHARACTER SET latin1 COLLATE latin1_swedish_ci,
  PRIMARY KEY (`id`),
  KEY `K_product_group_id` (`id`) USING BTREE
) ENGINE=InnoDB DEFAULT CHARSET=latin1;

-- ----------------------------
-- Records of product_group
-- ----------------------------
INSERT INTO `product_group` VALUES ('AXIS_PRABAYAR', 'AXIS_PRABAYAR', 'AXIS_PRABAYAR');
INSERT INTO `product_group` VALUES ('BPJS', 'BPJS', 'Group Product BPJS');
INSERT INTO `product_group` VALUES ('INDIHOME', 'INDIHOME', 'Group Product Indihome');
INSERT INTO `product_group` VALUES ('INDOSAT_PRABAYAR', 'INDOSAT_PRABAYAR', 'INDOSAT_PRABAYAR');
INSERT INTO `product_group` VALUES ('PDAM001', 'PDAM JAWA TIMUR', 'Group Product PDAM JAWA TIMUR');
INSERT INTO `product_group` VALUES ('PDAM002', 'PDAM BALI', 'Group Product PDAM BALI');
INSERT INTO `product_group` VALUES ('PDAM003', 'PDAM JAWA TENGAH', 'Group Product PDAM JAWA TENGAH');
INSERT INTO `product_group` VALUES ('PG001', 'PROMO', 'Group Product Promo');
INSERT INTO `product_group` VALUES ('PG002', 'REQULER', 'Group Product Reguler');
INSERT INTO `product_group` VALUES ('PG006', 'Telpon', 'Group Product Telpon');
INSERT INTO `product_group` VALUES ('PG007', 'Indihome', 'Group Product Indihome');
INSERT INTO `product_group` VALUES ('PLN_NON_TAGLIS', 'PLN NON TAGLIS', 'Group Product Non Taglis');
INSERT INTO `product_group` VALUES ('PLN_PASCA_BAYAR', 'PLN PASCA BAYAR', 'Group Product PLN Pasca Bayar');
INSERT INTO `product_group` VALUES ('PLN_TOKEN', 'PLN TOKEN', 'Group Product PLN Token');
INSERT INTO `product_group` VALUES ('SMARTFREN_PRABAYAR', 'SMARTFREN_PRABAYAR', 'SMARTFREN_PRABAYAR');
INSERT INTO `product_group` VALUES ('TELKOMSEL_PRABAYAR', 'TELKOMSEL_PRABAYAR', 'TELKOMSEL_PRABAYAR');
INSERT INTO `product_group` VALUES ('TELPON', 'TELPON', 'Group Product Telpon');
INSERT INTO `product_group` VALUES ('THREE_PRABAYAR', 'THREE_PRABAYAR', 'THREE_PRABAYAR');
INSERT INTO `product_group` VALUES ('XL_PRABAYAR', 'XL_PRABAYAR', 'XL_PRABAYAR');

-- ----------------------------
-- Table structure for `product_sales`
-- ----------------------------
DROP TABLE IF EXISTS `product_sales`;
CREATE TABLE `product_sales` (
  `id` varchar(15) CHARACTER SET latin1 COLLATE latin1_swedish_ci NOT NULL DEFAULT '',
  `name_group` varchar(255) CHARACTER SET latin1 COLLATE latin1_swedish_ci NOT NULL,
  `description` text CHARACTER SET latin1 COLLATE latin1_swedish_ci,
  PRIMARY KEY (`id`),
  KEY `K_product_group_id` (`id`) USING BTREE
) ENGINE=InnoDB DEFAULT CHARSET=latin1;

-- ----------------------------
-- Records of product_sales
-- ----------------------------
INSERT INTO `product_sales` VALUES ('PROMO', 'PROMO', 'PROMO');
INSERT INTO `product_sales` VALUES ('REGULER', 'REGULER', 'REGULER');
